topic,question,answer
Tuition Costs and Financial Aid Options,Are there any payment plans or installment options available for tuition?,"Yes, most universities offer payment plans or installment options for tuition. Check with the specific school's financial aid or bursar's office for details."
Post-Graduation Salary Expectations,What is the typical salary progression for graduates of this program?,"Salary progression varies, but expect entry-level salaries to be a starting point. With experience and skills, you can usually see increases over time. Research specific job titles and experience levels for more details."
Hands-on Learning and Project-Based Curriculum,What are the career outcomes of graduates who have participated in the hands-on learning and project-based curriculum?,"Graduates often find jobs in areas like software development, data science, engineering, and design, depending on their specific program. They're well-prepared for roles that require practical skills and problem-solving."
Faculty Expertise and Research Opportunities,Does the university offer funding or grants for undergraduate research projects?,"Yes, many universities offer funding and grants for undergraduate research. Check the specific university's website or talk to a professor to learn more about their programs."
Class Size and Learning Environment,"Are there opportunities for personalized interaction with professors, even in larger classes?","Yes! Professors often have office hours, and many offer email or online Q&A sessions, even in big classes. Don't be shy about reaching out!"
Post-Graduation Salary Expectations,How does the location of employment impact salary expectations?,"Where you work affects your salary! Big cities and places with a high cost of living usually pay more. Also, some areas have more demand for certain jobs, which can boost pay."
Faculty Expertise and Research Opportunities,"How does the university support faculty in their research endeavors (e.g., funding, equipment)?","The university helps faculty with research through grants, funding opportunities, lab equipment, research assistants, and support for publishing and presenting their work."
Specific Program Offerings (Majors/Minors),"Can I switch between majors easily, and what is the process for doing so?","Yes, you can usually switch majors! The process varies by school, but it often involves talking to an advisor, filling out a form, and maybe taking specific courses. Check your school's website or talk to an advisor for details."
Student Life and Extracurricular Activities,What kind of support does the university offer for students who want to start their own clubs or societies?,"The university usually offers resources like funding, help with advertising, and guidance on how to get your club officially recognized. They often have a student activities office to help you out!"
Scholarship Availability,Are there specific scholarships for international students or students from certain backgrounds?,"Yes, many universities offer scholarships specifically for international students and those from diverse backgrounds. Check the financial aid or international student sections of the university websites you're interested in."
Student-Faculty Ratio,"What is the average class size, and how does that relate to the student-faculty ratio?","I don't have specific class size data. However, a lower student-faculty ratio generally means smaller classes, as there are fewer students per instructor. Check the university's website or contact admissions for details."
International Student Support,"What kind of language support (e.g., English language courses, tutoring) is available for international students?","Most universities offer English language courses, tutoring, and writing centers to help international students with their studies."
Academic Reputation/Rankings,"How has the university's ranking changed over the past few years, and what factors have contributed to those changes?","I don't have real-time access to university rankings. These change frequently. To find out, check reputable ranking websites like US News & World Report, QS World University Rankings, or Times Higher Education. They'll show you the changes and often explain the factors (like research, teaching, and international outlook) that influence them."
Class Size and Learning Environment,"How does the learning environment (e.g., classroom setup, technology used) vary based on class size?","Smaller classes often have discussions and group work, maybe with a more casual setup. Larger classes might use lecture halls and more technology like presentations or online tools."
Student-Faculty Ratio,"Has the student-faculty ratio changed over the past few years, and if so, what were the reasons?","Yes, the student-faculty ratio can fluctuate. Reasons include changes in student enrollment, faculty hiring/departures, and university budget adjustments."
Tuition Costs and Financial Aid Options,What is the average financial aid package offered to students?,I don't have access to real-time financial aid data. This information varies greatly by school and year. You'll need to check the specific college's financial aid website or contact their financial aid office for details.
Student Life and Extracurricular Activities,What is the typical workload for students involved in multiple extracurricular activities?,"It really varies! But expect a busy schedule. You'll likely have classes, homework, and then time commitments for each activity. Time management and good planning are key!"
Campus Location and Accessibility,How far is the campus from the nearest airport or major transportation hub?,It depends on the campus! Check the university's website for travel information. They'll tell you the distance to the closest airport or train station.
International Student Support,Are there any orientation programs specifically designed for international students to help them adjust to the university and the local culture?,"Yes, most universities have orientation programs just for international students! They're designed to help you settle in, learn about the campus, and understand the local culture."
Campus Location and Accessibility,Are there shuttle services that operate on or around campus?,"Yes, many universities have shuttle services. Check your specific school's website for details on routes and schedules."
Social Environment and Community,What are the most common social activities that students participate in outside of academics?,"Students often join clubs, play sports, attend parties, go to concerts, and hang out with friends."
Campus Location and Accessibility,"What is the distance to essential amenities like grocery stores, pharmacies, and banks?",I can't tell you the exact distance. That depends on where you live! You'll need to research the specific address you're considering.
Hands-on Learning and Project-Based Curriculum,Can you provide examples of specific projects students have worked on in the project-based curriculum?,"Sure! Students in our project-based curriculum have built things like: a mobile app for local businesses, a website for a non-profit, and even a game using virtual reality. They get to choose projects that interest them!"
Specific Program Offerings (Majors/Minors),What minors are available to complement the [Major Name] major?,"To find out which minors go well with [Major Name], check your university's website. Look for the department offering your major, or search for 'minors' or 'academic programs'. You'll usually find a list of available minors there, along with details about each one."
Hands-on Learning and Project-Based Curriculum,Are there opportunities for students to work on projects with real-world clients or organizations?,Yes! Many programs offer project-based learning where you'll work with real clients or organizations. Check the program details for specifics.
Student-Faculty Ratio,"Are teaching assistants used, and if so, how do they contribute to the student-faculty experience in relation to the ratio?","Yes, teaching assistants (TAs) are often used. They help with things like grading, leading discussion sections, and holding office hours. The student-faculty ratio can affect how much access you have to TAs and professors, but TAs are generally there to support your learning."
Career Services and Internship Opportunities,Are there specific internship programs or partnerships with companies that the university facilitates?,Yes! Our university has internship programs and partnerships with various companies. Check out the career services website for details and opportunities.
Alumni Network and Success Stories,Can you provide examples of alumni who have achieved significant recognition or awards in their fields?,"Yes! We have alumni who've won prestigious awards like the Nobel Prize, Pulitzer Prizes, and Emmys. Many others are CEOs, founders, and leaders in their industries. We can share specific examples based on your field of interest."
Campus Location and Accessibility,"How close is the campus to public transportation (buses, trains, etc.)?",Most campuses are pretty close to public transport! Check the university's website or a map to see the exact distance and options.
Housing Options and Costs,Are there any resources or websites that help students find off-campus housing?,"Yes! Websites like Zillow, Apartments.com, and Craigslist are good places to start looking for off-campus housing. Your university's website might also have a housing section with listings."
Industry Connections and Partnerships,"How are students connected with industry partners (e.g., internships, guest lectures, projects)?","Universities often connect students with industry through internships, guest speakers, career fairs, and projects that involve real-world problems and collaboration with companies."
Class Size and Learning Environment,Are smaller class sizes prioritized for upper-level courses or specific programs?,"It really depends on the school and program! Some schools might focus on smaller classes for upper-level courses, while others might prioritize it for specific programs like honors or graduate studies. Check the program details for specifics."
Social Environment and Community,"How diverse is the student body in terms of background, ethnicity, and socioeconomic status?","Our student body is pretty diverse! We have students from many different backgrounds, ethnicities, and socioeconomic levels. You'll meet people from all over."
Career Services and Internship Opportunities,"How does the university help students find internships, and what resources are available?","The university has a career center that helps students find internships. They offer things like job postings, resume workshops, interview prep, and career fairs. They also often have connections with companies looking for interns."
Student-Faculty Ratio,Does the university plan to maintain or improve the student-faculty ratio in the future?,"Yes, universities generally aim to maintain or improve the student-faculty ratio to enhance the learning experience."
Student-Faculty Ratio,How does the university ensure that a good student-faculty ratio is maintained?,The university usually keeps a good student-faculty ratio by hiring enough professors and limiting the number of students admitted to each program. This helps ensure smaller class sizes and more individual attention for students.
Faculty Expertise and Research Opportunities,What are the typical research opportunities available for students in their first/second year?,"In your first and second years, you'll likely find research opportunities like assisting professors with their projects (lab work, data analysis), participating in undergraduate research programs, or joining research groups. These often involve tasks like literature reviews, data collection, and basic analysis."
Housing Options and Costs,What is the university's policy on pets in on-campus housing?,"Generally, pets aren't allowed in on-campus housing, but there might be exceptions for service animals. Check the specific housing rules on the university's website or contact the housing office for details."
Campus Safety and Security,What is the average response time for campus security to emergency calls?,I don't have access to real-time data like average emergency response times. You'd need to contact the campus security office directly for that information.
Student-Faculty Ratio,How does the student-faculty ratio compare to other universities in the same tier or with similar programs?,Check university websites and rankings (like US News & World Report) to compare student-faculty ratios. Look for the average ratio in your program area and at similar schools. This helps you see if the school offers more or less individual attention.
Academic Reputation/Rankings,"Are there any specific rankings that are particularly relevant or respected for my intended major (e.g., engineering, humanities)?","Yes! Rankings like US News & World Report, QS World University Rankings, and Times Higher Education can be helpful. Look for rankings specific to your major (e.g., engineering schools) to see which programs are highly regarded."
Tuition Costs and Financial Aid Options,What is the university's policy on financial aid for international students?,"Financial aid for international students varies by university. Check the specific university's website for details on scholarships, grants, and loans available to international students. Some offer very limited aid, while others have more options."
Career Services and Internship Opportunities,Can career services assist with finding internships internationally?,"Yes, career services can definitely help you find international internships! They often have resources and connections to help you."
Alumni Network and Success Stories,What kind of professional development workshops or seminars are offered by the alumni network?,"I don't have access to real-time information, including specific details about alumni network offerings. To find out about professional development workshops and seminars, check the alumni network's website or contact them directly. They'll have the most up-to-date information!"
Post-Graduation Salary Expectations,How does the starting salary compare to the national average for this field?,"Starting salaries are often similar to or slightly above the national average, but it really depends on the specific job and your experience."
Scholarship Availability,"Can scholarships be renewed each year, and what are the renewal criteria?","Yes, many scholarships can be renewed! Renewal usually depends on things like maintaining a certain GPA, staying enrolled full-time, and sometimes, demonstrating continued financial need. Check the specific scholarship details for the exact requirements."
Social Environment and Community,"Are there many opportunities to get involved in extracurricular activities and clubs, and what types are most popular?","Yes, there are tons of clubs and activities! Sports, academic groups, arts, and social clubs are all popular. You'll find something you like!"
Hands-on Learning and Project-Based Curriculum,"How does the university ensure that hands-on learning experiences are accessible to all students, regardless of background or prior experience?","The university usually offers things like introductory workshops, mentors, and flexible scheduling to make sure everyone can participate in hands-on learning, no matter their experience level or background."
Post-Graduation Salary Expectations,What is the average starting salary for graduates of this program?,"I don't have access to real-time salary data. To find the average starting salary, check the program's website, career services, or job boards like LinkedIn and Glassdoor. Look for recent graduate surveys or reports."
Graduate School Placement Rates,How does the placement rate for this program compare to similar programs at other universities?,"We're proud to say our placement rate is competitive! We usually track it against similar programs, and we're often at or above the average. We can give you specific numbers and comparisons if you'd like!"
Faculty Expertise and Research Opportunities,Are there specific faculty members known for mentoring undergraduate researchers?,Yes! Many professors love mentoring undergrads. Check department websites for faculty research interests and look for those who mention working with students. You can also ask current students for recommendations.
Student Life and Extracurricular Activities,"How easy is it to join clubs and societies, and what is the application process like?",Joining clubs and societies is usually super easy! You'll often find them at a student fair or online. The application is usually just signing up or maybe a quick chat. No big deal!
Campus Safety and Security,"Are there emergency call boxes located throughout the campus, and if so, where?","Yes, there are emergency call boxes. They're located in various spots around campus, like near buildings, parking areas, and walkways. Look for the blue light poles!"
Hands-on Learning and Project-Based Curriculum,"How are projects assessed, and what weight is given to the final product versus the learning process?","Projects are usually graded on both the final product AND the learning process. The weight varies, but often the final product is more heavily weighted, maybe 60-70%, with the remaining percentage for your effort, understanding, and how you tackled challenges."
Specific Program Offerings (Majors/Minors),Are there any unique or interdisciplinary majors available that combine different fields of study?,"Yes! Many universities offer unique majors that blend different subjects. Look for programs with names like 'Interdisciplinary Studies,' 'Liberal Arts,' or those that combine fields like 'Environmental Science and Policy' or 'Business and Technology.' You can also often create your own major!"
Post-Graduation Salary Expectations,Does the university provide any career services to help negotiate salary offers?,"Yes, the university's career services can definitely help you negotiate salary offers. They offer resources and guidance!"
Diversity and Inclusion Initiatives,Can you provide examples of successful diversity and inclusion programs or initiatives that have had a positive impact on the campus community?,"Sure! Some successful programs include: Mentorship programs connecting students from diverse backgrounds with faculty/staff, cultural awareness workshops and events, affinity groups (like LGBTQ+ or Black Student Unions), and inclusive curriculum development. These initiatives often boost a sense of belonging and improve campus climate."
Academic Reputation/Rankings,What is the university's strategy for maintaining or improving its academic reputation?,"The university focuses on attracting top faculty, supporting research, investing in student success, and promoting its achievements to maintain and improve its academic reputation."
Faculty Expertise and Research Opportunities,Are there any research labs or centers associated with the [Specific Department/Program Name]?,"Yes, the [Specific Department/Program Name] usually has research labs and centers. Check their website or contact them directly for details on specific areas of research."
Class Size and Learning Environment,What is the average class size for introductory courses in the [Specific Department/Major] program?,Introductory courses in the [Specific Department/Major] program typically have an average class size of around [Number] students. You can often find more specific details on the department's website or by contacting an advisor.
Academic Reputation/Rankings,"Does the university's ranking reflect the quality of undergraduate teaching, or is it more focused on research output?","University rankings often weigh research heavily. While they can hint at overall quality, they don't always directly reflect undergraduate teaching quality."
Hands-on Learning and Project-Based Curriculum,"What kind of support (mentorship, resources, workshops) is available to students undertaking project-based learning?","You'll likely find mentorship from professors and industry professionals, plus resources like project guides and software, and workshops on project management and specific skills."
Student Life and Extracurricular Activities,Are there any specific extracurricular activities that are particularly popular or well-regarded at the university?,"Yes! Things like student government, volunteering, and joining clubs related to your interests are always good. Also, any activities where you can show leadership or teamwork are great."
Student Life and Extracurricular Activities,What are the opportunities for students to participate in community service or volunteer work?,"Many colleges offer community service! Look for clubs, volunteer centers, or specific courses that involve helping others. You can often find opportunities through your school's website or by talking to current students."
Campus Safety and Security,What is the overall crime rate on campus compared to the surrounding community?,"Campus crime rates are usually lower than in the surrounding community, but it really depends on the specific location. Check your school's public safety website for details."
Student Life and Extracurricular Activities,How diverse is the student body in terms of extracurricular interests and involvement?,"Our students are involved in a ton of different activities! You'll find everything from sports and clubs to volunteering and arts programs. There's something for everyone, and lots of opportunities to try new things."
Specific Program Offerings (Majors/Minors),What specific majors are offered within the [Department Name] program?,"To find out the specific majors, check the [Department Name] department's website or the university's official course catalog. Look for a section on 'Majors' or 'Programs of Study'."
Graduate School Placement Rates,"What types of graduate programs do students typically get placed into (e.g., PhD, Masters, etc.)?","You'll typically find students going into PhD programs, Master's programs, and sometimes professional degrees like a JD or MD, depending on their undergraduate major and career goals."
Student-Faculty Ratio,Does the student-faculty ratio vary significantly between different departments or programs?,"Yes, the student-faculty ratio can definitely vary a lot between different departments and programs. Some might have small classes and a low ratio, while others have larger classes and a higher ratio."
Student Life and Extracurricular Activities,How does the university balance academic demands with the demands of extracurricular activities?,"Universities usually have resources like academic advisors and flexible course schedules to help you manage your time. They also often have policies that recognize the value of extracurriculars, so you can find a balance that works for you."
Social Environment and Community,Are there any specific traditions or events that foster a strong sense of community?,"Yes! Universities often have traditions like orientation week, homecoming, and specific events tied to their history or mascot that build community. Clubs, sports, and volunteer activities also help students connect."
Academic Reputation/Rankings,"How do different ranking systems (e.g., US News, QS, Times Higher Education) evaluate universities, and what are their key differences?","Ranking systems like US News, QS, and Times Higher Education use different methods to rank universities. They look at things like research, teaching quality, international students, and reputation. The main differences are in how much they weigh each of these factors. Some focus more on research, while others prioritize student experience or global reach."
Post-Graduation Salary Expectations,How does this program's curriculum and skills development translate into higher earning potential?,"This program's curriculum and skills development can lead to higher earning potential by equipping you with in-demand skills, making you more competitive in the job market, and opening doors to higher-paying roles. Think of it as an investment in your future earning power!"
Diversity and Inclusion Initiatives,What training or education is provided to faculty and staff on diversity and inclusion?,"Most universities offer diversity and inclusion training for faculty and staff. This often includes workshops, online courses, and resources to promote a welcoming and equitable environment."
Tuition Costs and Financial Aid Options,"What is the total cost of tuition, fees, and room and board for a typical academic year?","That depends on the school! Costs vary widely. Check the university's website for the most accurate figures, but expect tens of thousands of dollars per year."
Class Size and Learning Environment,Does the university offer any programs or initiatives to foster a sense of community within classes?,"Yes! Universities often have programs like study groups, mentoring, and social events to help students connect and build community in their classes."
Graduate School Placement Rates,What resources does the university offer to help students with graduate school applications?,"The university likely offers resources like application workshops, personal statement reviews, and advising on programs and funding. Check the graduate school website or talk to an advisor!"
Career Services and Internship Opportunities,"Does the career services department help with resume and cover letter writing, and interview preparation?","Yes, career services definitely helps with resumes, cover letters, and interview prep!"
Social Environment and Community,What resources are available for students who may be struggling to adjust socially or feel isolated?,"Don't worry, you're not alone! Universities usually have counseling services, peer support groups, and student organizations. They also often have orientation programs and events to help you meet people and feel more connected."
Faculty Expertise and Research Opportunities,What are the career paths of graduates who have participated in faculty research?,"Graduates who do faculty research often go into research-focused jobs (like research scientist or professor), industry roles (like data scientist or engineer), or continue their education with a master's or PhD."
Career Services and Internship Opportunities,"What types of career counseling services are offered to students, and when can I access them?","You can usually get career counseling services like resume help, interview practice, and career exploration. Check your school's website or student services for details on how to access them, including hours and appointment scheduling. These services are often available throughout the academic year."
Campus Safety and Security,How does the university address concerns about potential threats or active shooter situations?,"The university has security personnel, emergency response plans, and often uses alert systems (like text messages) to keep students safe. They also conduct drills and offer training to prepare for emergencies."
Diversity and Inclusion Initiatives,Does the university have a dedicated office or department focused on diversity and inclusion?,"Yes, most universities have a dedicated office or department for diversity and inclusion. You can usually find it on the university's website."
Diversity and Inclusion Initiatives,What is the student body's involvement in shaping and implementing diversity and inclusion initiatives?,"Students are often involved! They might be part of student organizations, committees, or help plan events. Their feedback and ideas are usually considered when creating and running diversity and inclusion programs."
Faculty Expertise and Research Opportunities,How can I get involved in research as an undergraduate student?,"Talk to professors whose research interests you! Check their websites, email them, and ask if they have any opportunities for undergrads to help out. Also, look for research programs at your university or nearby institutions."
Faculty Expertise and Research Opportunities,What types of research projects are currently being conducted by faculty in [Specific Department/Program Name]?,"To find out about current research projects, I recommend checking the [Specific Department/Program Name]'s website. Look for faculty profiles or a research section. You can also try searching for faculty names and their research interests on Google Scholar or other academic databases."
Alumni Network and Success Stories,How accessible are alumni for current students to connect with and seek advice?,"Alumni connections vary by school, but many universities have strong alumni networks. You can usually find them through career services, online platforms, and alumni events. It's generally pretty accessible!"
Student Life and Extracurricular Activities,"Are there any dedicated spaces or resources for extracurricular activities, such as club rooms or practice facilities?","Yes, most universities have dedicated spaces and resources for extracurriculars. This includes club rooms, practice facilities (like gyms or music rooms), and sometimes even outdoor areas."
Scholarship Availability,What is the average scholarship amount awarded to students?,"I don't have access to real-time scholarship data, as it changes frequently. To find the average, check the financial aid websites of the schools you're interested in or search for recent scholarship reports."
Hands-on Learning and Project-Based Curriculum,Are there opportunities for students to showcase their projects and receive feedback from industry professionals?,Yes! Many programs offer project showcases and networking events where you can present your work and get feedback from industry experts.
Social Environment and Community,What role does the surrounding local community play in the student experience?,"The local community can really enrich your student life! It offers things like places to eat, shop, and have fun. It can also provide volunteer opportunities and chances to connect with people outside of school, giving you a broader perspective."
Career Services and Internship Opportunities,What support is available for students who are unsure about their career path?,"Colleges usually offer career counseling, workshops, and resources to help you explore different career options and figure out what you're interested in."
Campus Location and Accessibility,Are there bike lanes and bike storage facilities on campus?,"Yes, most campuses have bike lanes and bike storage like racks or lockers. Check the specific campus website for details."
Diversity and Inclusion Initiatives,How does the university address incidents of bias or discrimination?,"The university has policies and procedures to address bias and discrimination. They usually involve reporting channels, investigations, and disciplinary actions. They also often offer training and educational programs to promote a more inclusive environment."
Career Services and Internship Opportunities,What is the average placement rate for internships and full-time jobs after graduation?,"Placement rates vary by program and year, but generally, expect to see placement rates for internships and full-time jobs around 80-95% within a few months of graduation. Check the specific program's website for the most up-to-date numbers!"
Housing Options and Costs,Are there any financial aid options or scholarships specifically for housing costs?,"Yes, many schools offer financial aid and scholarships that can help cover housing costs. Check with the financial aid office at the schools you're interested in. They can provide details on specific options."
Academic Reputation/Rankings,"How does the university's academic reputation translate into opportunities for research, internships, and job placement?","A strong academic reputation means more research chances, better internship options, and a wider network for job placement. Basically, it opens doors!"
Campus Safety and Security,What are the procedures for reporting a crime or safety concern on campus?,"If you see something, say something! Report crimes or safety concerns to Campus Security (often by phone or emergency call boxes) or the local police. You can also report anonymously through some university websites or apps."
Industry Connections and Partnerships,What percentage of students participate in internships or co-op programs with industry partners?,"It varies by program, but many universities aim for at least 50% of students to participate in internships or co-ops. Check the specific program's details for the most accurate number!"
Housing Options and Costs,"What is the process for applying for on-campus housing, and what are the deadlines?","To apply for on-campus housing, you usually need to: 1) Apply through the university's housing portal. 2) Fill out an application with your preferences. 3) Pay any required fees. Deadlines vary, so check your university's housing website for specific dates, but they're often in the spring for the following academic year."
Alumni Network and Success Stories,How active is the alumni network in providing career support and mentorship to current students?,"Alumni networks are often very active! They frequently offer career advice, mentorship, and networking opportunities. Check the university's website or ask current students to get a feel for how involved they are."
International Student Support,What is the process for international students to obtain a work permit or find part-time employment opportunities on or off campus?,"International students usually need a student visa to study. You can often work part-time on campus with this visa. For off-campus work or after graduation, you'll likely need a separate work permit. Check your school's international student office and the country's immigration website for specific rules and how to apply."
Alumni Network and Success Stories,"Does the university track the career outcomes of its alumni, and if so, what are some key statistics?","Yes, the university tracks alumni career outcomes. You can usually find key stats like employment rates, average salaries, and where graduates work on the university's website, often under 'Career Services' or 'Alumni' sections."
Career Services and Internship Opportunities,Does the university track internship outcomes and use the data to improve career services?,"Yes, most universities track internship outcomes and use that data to make their career services better for students."
Scholarship Availability,What types of scholarships are available at this university?,"We offer scholarships based on merit (good grades!), financial need, and sometimes specific fields of study. Check our website's financial aid section for details and deadlines!"
Hands-on Learning and Project-Based Curriculum,"Does the project-based curriculum encourage collaboration, and if so, how is teamwork facilitated and evaluated?","Yes, project-based learning *definitely* encourages collaboration! You'll work in teams. Teamwork is usually facilitated through group meetings, shared documents, and assigned roles. Your teamwork skills are often evaluated through peer reviews, group project grades, and sometimes individual contributions to the project."
Academic Reputation/Rankings,Are there any rankings that focus on student satisfaction or the overall student experience?,"Yes, some rankings consider student satisfaction and experience. Look for surveys and ratings that ask students about their happiness, campus life, and support services."
Student-Faculty Ratio,What is the current student-faculty ratio at this university?,"I don't have access to real-time information, including the current student-faculty ratio. You can usually find this on the university's official website, often in the 'About' or 'Admissions' sections."
Campus Location and Accessibility,"Are there readily available parking options for students, and what are the associated costs?","Yes, there are parking options for students, but it varies by school. Costs also differ, ranging from free (sometimes) to a few hundred dollars per semester. Check your specific university's website for details on permits and fees."
Scholarship Availability,"Are there need-based scholarships, and how are they determined?","Yes, many schools offer need-based scholarships. They're usually determined by your family's financial situation, like income and assets, which you'll show on the FAFSA or CSS Profile forms."
International Student Support,Does the university offer any financial aid or scholarships specifically for international students?,"Yes, many universities offer financial aid and scholarships for international students. Check the university's website for details on eligibility and how to apply."
Alumni Network and Success Stories,Can you share some recent success stories of alumni who have launched their own businesses?,"Sure! We have alumni who've started successful businesses in areas like tech, sustainable fashion, and even gourmet food. They often credit our program for helping them build a strong foundation in their field and connect with valuable networks. We can share specific examples if you'd like!"
Scholarship Availability,Who can I contact if I have questions about scholarship opportunities?,Check your university's financial aid or scholarship office website. They'll have the most up-to-date info and contact details for specific opportunities.
Academic Reputation/Rankings,"How can I find out more about the specific departments and programs within the university, beyond just the overall ranking?","Check the university's website! Look for sections like 'Academics,' 'Departments,' or 'Programs.' You can usually find detailed info about each department, its programs, faculty, and research."
Specific Program Offerings (Majors/Minors),What is the typical course load and structure for a student in the [Major Name] major?,"In [Major Name], you'll usually take around 12-15 credit hours per semester, which is about 4-5 courses. Classes often include lectures, discussions, and labs, depending on the specific subject."
Industry Connections and Partnerships,Are there any funding opportunities or scholarships specifically tied to industry partnerships?,"Yes, definitely! Many universities and programs offer scholarships or funding that are directly linked to industry partnerships. These often involve internships, research projects with companies, or even tuition support from partner organizations."
International Student Support,"Does the university have a dedicated international student advisor or support team, and what are their hours of operation?","Yes, the university has an international student advisor or team to help you. Their hours of operation are usually posted on the university's international student services website. Check there for the most up-to-date information!"
Housing Options and Costs,What is the average cost per semester/year for on-campus housing?,"On-campus housing costs vary a lot! It depends on the school and the type of room. You should check the specific university's website for the most accurate numbers, but expect to pay several thousand dollars per semester or year."
Specific Program Offerings (Majors/Minors),What career paths do graduates of the [Major Name] program typically pursue?,"Graduates of the [Major Name] program often become [Job Title 1], [Job Title 2], or work in fields like [Industry 1] and [Industry 2]. It really depends on their specific interests and the skills they develop!"
Tuition Costs and Financial Aid Options,"What types of financial aid are available (e.g., grants, scholarships, loans, work-study)?","You can get financial aid through grants, scholarships (which you don't repay!), loans (which you do), and work-study programs (where you earn money by working part-time)."
International Student Support,"What resources are available to help international students with healthcare, including insurance and access to medical services?",Many universities offer health insurance plans for international students. Your school's international student office is the best place to start. They can help you understand your insurance options and how to access medical services like doctors and hospitals.
Housing Options and Costs,What are the options for off-campus housing near the university?,"Check university websites, local rental sites (like Zillow or Apartments.com), and Facebook groups for students. Also, ask current students for recommendations!"
Social Environment and Community,How does the university promote inclusivity and address issues of discrimination?,"The university has a bunch of resources! They have offices dedicated to diversity and inclusion, offer training, and have policies against discrimination. They also often have student groups and events that celebrate different cultures and backgrounds."
Alumni Network and Success Stories,Are there specific alumni groups or networks based on different majors or career paths?,"Yes, many universities have alumni networks organized by major or career. These groups can be great for networking and getting career advice!"
Graduate School Placement Rates,Can you provide a breakdown of placement rates by specific field or department?,"I can't give you exact placement rates. That kind of data is usually found on a university's website, specifically within the department or program you're interested in. Look for ""Career Services,"" ""Placement Statistics,"" or similar sections."
Industry Connections and Partnerships,Can you provide examples of successful collaborations between students and industry partners?,"Sure! Students often team up with companies on projects like designing new apps, analyzing data for insights, or even helping improve a company's marketing. These collaborations give students real-world experience and can lead to job offers."
Campus Safety and Security,What resources are available for students who experience harassment or assault?,"If you experience harassment or assault, your school likely has resources like a Title IX office, counseling services, and campus security. You can also find support from local organizations and hotlines."
Industry Connections and Partnerships,What specific industries does the university have strong partnerships with?,"I don't have specific, real-time information on all the university's partnerships. To find out, check the university's website, especially the career services or industry relations sections. You can also contact the admissions office or specific departments you're interested in."
Post-Graduation Salary Expectations,Are there any scholarships or fellowships that can impact post-graduation earning potential?,"Yes! Scholarships and fellowships can definitely boost your earning potential after graduation. They can reduce or eliminate student loan debt, allowing you to save more money and invest in your future. They can also provide valuable experience and networking opportunities, leading to higher-paying jobs."
Industry Connections and Partnerships,What types of research projects are conducted in collaboration with industry partners?,"You'll find all sorts! Think projects on new product development, improving existing processes, market research, or even testing out new technologies. Basically, anything that helps the industry partner."
Career Services and Internship Opportunities,How can I connect with alumni for career advice and networking opportunities?,Great question! Check your university's alumni directory or LinkedIn. Many schools have alumni groups or career services that can connect you. Reach out and introduce yourself – most alumni are happy to help!
Scholarship Availability,How competitive is the scholarship application process?,"Scholarship applications can be very competitive. It depends on the specific scholarship, but expect a lot of other students to apply!"
Faculty Expertise and Research Opportunities,How accessible are faculty members for undergraduate research opportunities?,"Faculty availability for undergrad research varies. Check department websites, professor profiles, and reach out directly to those whose work interests you. Don't be shy!"
Industry Connections and Partnerships,"Does the university actively seek to expand its industry partnerships and, if so, how?","Yes! The university is always looking for new industry partners. They do this through research collaborations, internships, career fairs, and by inviting industry professionals to guest lecture and advise students."
Social Environment and Community,"What is the general atmosphere like on campus, and how would you describe the social environment?","Campus is usually pretty friendly and welcoming! You'll find a mix of people, and there are lots of clubs and events to help you meet others and find your crowd. It's generally a social and active environment."
Post-Graduation Salary Expectations,What is the typical salary range for graduates with 5-10 years of experience?,"With 5-10 years of experience, you can typically expect a salary range of $70,000 to $120,000, but this varies greatly depending on your field, location, and specific job role."
Class Size and Learning Environment,Does the university conduct any research on the impact of class size on student learning outcomes?,"Yes, many universities, including ours, research how class size affects student learning. Check our website's research section or ask a professor in your field of interest for specifics."
Hands-on Learning and Project-Based Curriculum,How does the university balance hands-on learning with traditional lectures and coursework?,"We blend hands-on learning, like labs and projects, with lectures and coursework. It's designed to give you both the theory and the practical skills you need to succeed!"
Diversity and Inclusion Initiatives,How does the university promote a sense of belonging for all students?,"The university likely has clubs, events, and support services (like counseling or mentorship programs) to help students connect and feel included. They probably also focus on diversity and inclusion initiatives."
Post-Graduation Salary Expectations,Are there specific industries or companies that tend to offer higher starting salaries?,"Yes, some industries like tech, finance, and consulting often have higher starting salaries than others. Also, larger, well-established companies usually pay more."
Academic Reputation/Rankings,How much weight should I give to university rankings when making my college decision?,"Don't put all your eggs in the rankings basket! They're a factor, but focus more on what's important to *you*: program fit, campus culture, location, and cost. Visit campuses if you can!"
Industry Connections and Partnerships,Are there dedicated career services focused on specific industries or partner companies?,"Yes, many universities have career services that specialize in certain industries or have partnerships with specific companies to help students find jobs and internships."
Student Life and Extracurricular Activities,How accessible are extracurricular activities for students with disabilities or specific needs?,Most colleges try hard to make extracurriculars accessible. Check the school's disability services website or contact them directly to learn about specific accommodations and support available for your needs.
Housing Options and Costs,"What types of on-campus housing are available (e.g., dorms, suites, apartments)?","You'll likely find dorms, suites, and sometimes apartments on campus. Check the university's website for specifics!"
Diversity and Inclusion Initiatives,How does the university measure the effectiveness of its diversity and inclusion programs?,"The university often looks at things like student and staff demographics, surveys about experiences, and how many people participate in programs. They also track things like graduation rates and complaints related to discrimination."
Campus Safety and Security,How does the university communicate safety alerts and emergency notifications to students?,"The university uses multiple ways to keep you safe! Expect alerts via email, text messages, and sometimes through campus-wide announcements or the university's website and app."
Campus Location and Accessibility,Are there any specific areas of the campus that are difficult to access due to terrain or other factors?,"Yes, some areas might be tricky. Hills and stairs are common, so be prepared for some walking. Check the campus map for accessibility details, especially if you have mobility concerns."
Student-Faculty Ratio,"How accessible are professors outside of class (e.g., office hours, email response times), and is this affected by the ratio?","Professors are usually pretty accessible! You can often reach them during office hours or by email. Smaller class sizes often mean more access, but it varies by professor and department."
Scholarship Availability,Does the university offer any external scholarship resources or databases?,Yes! Check out our financial aid website. We usually have links to external scholarship databases and resources to help you find funding.
Tuition Costs and Financial Aid Options,"What is the process for applying for financial aid, and what are the deadlines?","First, fill out the FAFSA (Free Application for Federal Student Aid). Then, check your school's website for their financial aid deadlines and any required documents. Deadlines vary by school, so check early!"
Class Size and Learning Environment,How does the university balance large lecture classes with smaller discussion or lab sections?,Universities often use a mix of large lectures for core content and smaller discussion or lab sections for more interaction and hands-on learning. This lets you get the best of both worlds!
Post-Graduation Salary Expectations,Are there any resources available to research salary expectations for specific job titles within this field?,"Yes! Websites like Salary.com, Glassdoor, and LinkedIn Salary are great places to research salary expectations for different job titles. You can also check industry-specific reports."
Faculty Expertise and Research Opportunities,What are the faculty's primary research areas within the [Specific Department/Program Name]?,Check the department's website! Look for faculty profiles or a research section. You'll usually find their main research interests listed there.
Alumni Network and Success Stories,How does the university foster a sense of community and connection among its alumni?,"The university helps alumni connect through events, online networks, mentoring programs, and regional chapters. They also often highlight alumni achievements to keep everyone engaged."
Tuition Costs and Financial Aid Options,Are there any specific fees that are not included in the standard tuition cost?,"Yes, there are often extra fees. These can include things like lab fees, student activity fees, and sometimes fees for specific courses or programs. It's best to check the university's website or ask the admissions office for a complete list."
Campus Safety and Security,"Are there security cameras in place, and where are they located?","I don't have access to real-time information, including the location of security cameras. That kind of detail is usually kept private for security reasons."
Specific Program Offerings (Majors/Minors),Are there any required introductory courses before declaring a specific major?,"Yes, most majors require you to take some introductory courses first. These courses give you a basic understanding of the subject before you commit to the major."
Campus Location and Accessibility,"Is the campus walkable, and are there pedestrian-friendly pathways?","Yes, the campus is generally walkable with pedestrian-friendly pathways."
International Student Support,How does the university support international students who may be experiencing homesickness or cultural adjustment difficulties?,"The university usually offers support through international student advisors, counseling services, cultural events, and buddy programs to help you adjust and feel less homesick."
Campus Safety and Security,"What safety measures are in place for students walking alone at night, such as escort services or well-lit pathways?","Many schools offer safe walk programs or escort services. Look for well-lit pathways, emergency phones, and campus security patrols. Check your school's website or ask current students for specifics."
